Filtro de aire,Renault,Logan,11,116520
Filtro de aire,Renault,Sandero,7,127869
Filtro de aire,Toyota,Corolla,13,121371
Filtro de aire,Toyota,Prado,4,113770
Filtro de aire,Chevrolet,Tracker,11,131838
Filtro de aire,Chevrolet,Onix,16,112135
Filtro de aire,Mazda,3,13,130284
Filtro de aire,Kia,Seltos,5,123176
Filtro de aire,Suzuki,Swift,25,128465
Filtro de aire,Nissan,Tida,25,111657
Filtro de aire,Volkswagen,Cross,16,115918
Filtro de aire,Ford,Fiesta,20,130388
Filtro de aire,Foton,FHR XL,6,129360
Filtro de aire,Hyundai,Tucson,4,117287
Filtro de aire,JAC,T8 Pro,24,121777
Filtro de aire,BMW,X6 M60i,17,213959
Filtro de aire,Mercedes-Benz,GLC 350e,24,201563
Filtro de aire,Citroen,C-elysee,18,126913
Filtro de aire,JMC,CHR 3.2,21,121114
Filtro de aire,Subaru,Evoltis,11,127972
Filtro de aire,Peugeot,3008,4,132694
Filtro de aire,Honda,Civic,26,122875
Filtro de aire,Hino,GH8J,17,127639
Filtro de aire,Renault,Duster,18,111782
Filtro de aire,Renault,KWID,8,119887
Filtro de aire,Toyota,4Runner,8,111596
Filtro de aire,Toyota,Hilux,1,118964
Filtro de aire,Chevrolet,Captiva,27,122124
Filtro de aire,Chevrolet,Joy,27,110104
Filtro de aire,Mazda,CX-30,14,125986
Filtro de aire,Kia,Picanto,9,119656
Filtro de aire,Suzuki,Derco,16,130537
Filtro de aire,Nissan,Murano,21,110919
Filtro de aire,Volkswagen,Gol,10,123105
Filtro de aire,Ford,Escape,2,117406
Filtro de aire,Foton,FKR CUMMINS,2,122592
Filtro de aire,Hyundai,Accent,23,128676
Filtro de aire,JAC,S2,5,134494
Filtro de aire,BMW,X4 M,22,175147
Filtro de aire,Mercedes-Benz,AMG GLC 43,6,198706
Filtro de aire,Citroen,C3,11,129498
Filtro de aire,JMC,CPR 4.5,22,122381
Filtro de aire,Subaru,Legacy,15,111950
Filtro de aire,Peugeot,Allure,16,129857
Filtro de aire,Honda,CRV,9,132997
Filtro de aire,Hino,Dutro Pro,10,116906
Espejo derecho,Renault,Logan,17,277235
Espejo derecho,Renault,Sandero,10,328893
Espejo derecho,Toyota,Corolla,27,308336
Espejo derecho,Toyota,Prado,8,298904
Espejo derecho,Chevrolet,Tracker,15,265311
Espejo derecho,Chevrolet,Onix,2,277071
Espejo derecho,Mazda,3,5,271537
Espejo derecho,Kia,Seltos,3,225624
Espejo derecho,Suzuki,Swift,2,276950
Espejo derecho,Nissan,Tida,5,334207
Espejo derecho,Volkswagen,Cross,12,287491
Espejo derecho,Ford,Fiesta,21,323863
Espejo derecho,Foton,FHR XL,15,295031
Espejo derecho,Hyundai,Tucson,25,253826
Espejo derecho,JAC,T8 Pro,21,283523
Espejo derecho,BMW,X6 M60i,21,399056
Espejo derecho,Mercedes-Benz,GLC 350e,26,356433
Espejo derecho,Citroen,C-elysee,1,309725
Espejo derecho,JMC,CHR 3.2,12,329126
Espejo derecho,Subaru,Evoltis,19,297778
Espejo derecho,Peugeot,3008,26,294060
Espejo derecho,Honda,Civic,26,306763
Espejo derecho,Hino,GH8J,27,257658
Espejo derecho,Renault,Duster,17,312220
Espejo derecho,Renault,KWID,7,314689
Espejo derecho,Toyota,4Runner,8,322462
Espejo derecho,Toyota,Hilux,5,312078
Espejo derecho,Chevrolet,Captiva,21,225769
Espejo derecho,Chevrolet,Joy,5,246923
Espejo derecho,Mazda,CX-30,5,313182
Espejo derecho,Kia,Picanto,5,232486
Espejo derecho,Suzuki,Derco,24,309479
Espejo derecho,Nissan,Murano,11,327158
Espejo derecho,Volkswagen,Gol,4,292227
Espejo derecho,Ford,Escape,24,249725
Espejo derecho,Foton,FKR CUMMINS,1,294379
Espejo derecho,Hyundai,Accent,18,224590
Espejo derecho,JAC,S2,5,255204
Espejo derecho,BMW,X4 M,9,359873
Espejo derecho,Mercedes-Benz,AMG GLC 43,20,574277
Espejo derecho,Citroen,C3,4,327140
Espejo derecho,JMC,CPR 4.5,19,303745
Espejo derecho,Subaru,Legacy,2,323283
Espejo derecho,Peugeot,Allure,11,305847
Espejo derecho,Honda,CRV,27,262815
Espejo derecho,Hino,Dutro Pro,7,312795
Espejo izquierdo,Renault,Logan,24,283383
Espejo izquierdo,Renault,Sandero,22,239844
Espejo izquierdo,Toyota,Corolla,20,228283
Espejo izquierdo,Toyota,Prado,24,240309
Espejo izquierdo,Chevrolet,Tracker,21,311149
Espejo izquierdo,Chevrolet,Onix,25,264213
Espejo izquierdo,Mazda,3,23,258991
Espejo izquierdo,Kia,Seltos,13,249792
Espejo izquierdo,Suzuki,Swift,19,252947
Espejo izquierdo,Nissan,Tida,26,235619
Espejo izquierdo,Volkswagen,Cross,25,257156
Espejo izquierdo,Ford,Fiesta,21,229951
Espejo izquierdo,Foton,FHR XL,13,262946
Espejo izquierdo,Hyundai,Tucson,23,238478
Espejo izquierdo,JAC,T8 Pro,11,326753
Espejo izquierdo,BMW,X6 M60i,16,439648
Espejo izquierdo,Mercedes-Benz,GLC 350e,18,446484
Espejo izquierdo,Citroen,C-elysee,10,288786
Espejo izquierdo,JMC,CHR 3.2,5,278807
Espejo izquierdo,Subaru,Evoltis,5,331994
Espejo izquierdo,Peugeot,3008,24,232136
Espejo izquierdo,Honda,Civic,11,251942
Espejo izquierdo,Hino,GH8J,15,293485
Espejo izquierdo,Renault,Duster,14,245157
Espejo izquierdo,Renault,KWID,20,258662
Espejo izquierdo,Toyota,4Runner,20,267379
Espejo izquierdo,Toyota,Hilux,26,231634
Espejo izquierdo,Chevrolet,Captiva,19,319000
Espejo izquierdo,Chevrolet,Joy,23,286856
Espejo izquierdo,Mazda,CX-30,11,264846
Espejo izquierdo,Kia,Picanto,5,302466
Espejo izquierdo,Suzuki,Derco,12,259022
Espejo izquierdo,Nissan,Murano,14,332058
Espejo izquierdo,Volkswagen,Gol,24,279244
Espejo izquierdo,Ford,Escape,25,308676
Espejo izquierdo,Foton,FKR CUMMINS,2,223719
Espejo izquierdo,Hyundai,Accent,6,258163
Espejo izquierdo,JAC,S2,18,278207
Espejo izquierdo,BMW,X4 M,20,550406
Espejo izquierdo,Mercedes-Benz,AMG GLC 43,25,373144
Espejo izquierdo,Citroen,C3,10,250701
Espejo izquierdo,JMC,CPR 4.5,25,304267
Espejo izquierdo,Subaru,Legacy,14,270387
Espejo izquierdo,Peugeot,Allure,4,273862
Espejo izquierdo,Honda,CRV,19,304217
Espejo izquierdo,Hino,Dutro Pro,24,326794
Aceite 1/4 15w40,Motul,All,25,55257
Aceite 1/4 20w50,Motul,All,4,74229
Aceite 1/4 5w30,Motul,All,25,45645
Aceite 1/4 15w40,Shell,All,26,86212
Aceite 1/4 20w50,Shell,All,23,45247
Aceite 1/4 5w30,Shell,All,11,103701
Aceite 1/4 15w40,Mobil,All,20,43579
Aceite 1/4 20w50,Mobil,All,17,108066
Aceite 1/4 5w30,Mobil,All,21,72038
Aceite 1/4 15w40,Havoline,All,3,103078
Aceite 1/4 20w50,Havoline,All,9,83406
Aceite 1/4 5w30,Havoline,All,11,44218
Neumatico ,Micheline,All,30,818827
Neumatico ,Yokohama,All,35,1184022
Neumatico ,Vredestin,All,26,1000652
Neumatico ,Toyo Tires,All,33,300786
Neumatico ,Continental,All,11,755392
Filtro de aceite,Renault,Logan,21,174969
Filtro de aceite,Renault,Sandero,27,36093
Filtro de aceite,Toyota,Corolla,27,97448
Filtro de aceite,Toyota,Prado,8,125978
Filtro de aceite,Chevrolet,Tracker,20,186010
Filtro de aceite,Chevrolet,Onix,15,79747
Filtro de aceite,Mazda,3,19,138056
Filtro de aceite,Kia,Seltos,24,37133
Filtro de aceite,Suzuki,Swift,5,64582
Filtro de aceite,Nissan,Tida,22,190318
Filtro de aceite,Volkswagen,Cross,10,53243
Filtro de aceite,Ford,Fiesta,3,92895
Filtro de aceite,Foton,FHR XL,7,64444
Filtro de aceite,Hyundai,Tucson,16,73332
Filtro de aceite,JAC,T8 Pro,6,70170
Filtro de aceite,BMW,X6 M60i,27,177595
Filtro de aceite,Mercedes-Benz,GLC 350e,11,91929
Filtro de aceite,Citroen,C-elysee,21,134913
Filtro de aceite,JMC,CHR 3.2,23,84058
Filtro de aceite,Subaru,Evoltis,5,56629
Filtro de aceite,Peugeot,3008,9,84885
Filtro de aceite,Honda,Civic,12,24426
Filtro de aceite,Hino,GH8J,14,21066
Filtro de aceite,Renault,Duster,27,188385
Filtro de aceite,Renault,KWID,11,81842
Filtro de aceite,Toyota,4Runner,27,105860
Filtro de aceite,Toyota,Hilux,21,75451
Filtro de aceite,Chevrolet,Captiva,17,65706
Filtro de aceite,Chevrolet,Joy,25,59407
Filtro de aceite,Mazda,CX-30,10,198239
Filtro de aceite,Kia,Picanto,23,143122
Filtro de aceite,Suzuki,Derco,18,40032
Filtro de aceite,Nissan,Murano,24,45241
Filtro de aceite,Volkswagen,Gol,24,159331
Filtro de aceite,Ford,Escape,2,25717
Filtro de aceite,Foton,FKR CUMMINS,5,26233
Filtro de aceite,Hyundai,Accent,21,97250
Filtro de aceite,JAC,S2,7,97605
Filtro de aceite,BMW,X4 M,24,190921
Filtro de aceite,Mercedes-Benz,AMG GLC 43,9,167470
Filtro de aceite,Citroen,C3,27,102915
Filtro de aceite,JMC,CPR 4.5,19,41210
Filtro de aceite,Subaru,Legacy,15,62910
Filtro de aceite,Peugeot,Allure,20,198893
Filtro de aceite,Honda,CRV,25,86538
Filtro de aceite,Hino,Dutro Pro,5,41262
