Renault,Logan,2019,QDQ158,Rojo,130815114
Renault,Sandero,2018,PEE227,Blanco,66064120
Toyota,Corolla,2017,ZCZ194,Azul,207933193
Toyota,Prado,2014,XCB665,Negro,107838272
Chevrolet,Tracker,2020,GGY561,Cafe,230097570
Chevrolet,Onix,2018,JDC715,Amarillo,837638535
Mazda,3,2007,FNB617,Blanco,542170216
Kia,Seltos,2018,UEB124,Gris,992474112
Suzuki,Swift,2016,HIU609,Verde,161338544
Nissan,Tida,2010,CGJ680,Negro,814677330
Volkswagen,Cross,2008,TZT978,Rojo,448027870
Ford,Fiesta,2020,QDV130,Blanco,1125125510
Foton,FHR XL,2014,YTX027,Azul,889190207
Hyundai,Tucson,2023,SHA394,Negro,605714945
JAC,T8 Pro,2022,AFI483,Cafe,229825739
BMW,X6 M60i,2007,ONO688,Amarillo,511898183
Mercedes-Benz,GLC 350e,2006,BJK404,Blanco,1181988459
Citroen,C-elysee,2022,BJG925,Gris,587904895
JMC,CHR 3.2,2009,YRF350,Verde,146418294
Subaru,Evoltis,2020,TMC498,Negro,402971088
Peugeot,3008,2012,DEA313,Rojo,131305233
Honda,Civic,2015,AXB509,Blanco,476939682
Hino,GH8J,2021,FAY808,Azul,780559713
Renault,Duster,2019,MEI047,Negro,863655265
Renault,KWID,2013,YBL737,Cafe,730983773
Toyota,4Runner,2018,GUN615,Amarillo,184351395
Toyota,Hilux,2018,GBS106,Blanco,459437299
Chevrolet,Captiva,2019,XDD987,Gris,693629797
Chevrolet,Joy,2006,QZC800,Verde,570757656
Mazda,CX-30,2019,GTX184,Negro,1056836345
Kia,Picanto,2016,KPD197,Rojo,1087235587
Suzuki,Derco,2021,SSU899,Blanco,305847059
Nissan,Murano,2012,YED04,Azul,754644943
Volkswagen,Gol,2023,BZL025,Negro,736097950
Ford,Escape,2018,ZUF719,Cafe,755192765
Foton,FKR CUMMINS,2012,DDV738,Amarillo,265663219
Hyundai,Accent,2015,BBL297,Blanco,311900139
JAC,S2,2009,SIX600,Gris,1128187429
BMW,X4 M,2014,TBB714,Verde,192882174
Mercedes-Benz,AMG GLC 43,2014,LOU543,Negro,368853394
Citroen,C3,2020,HYP350,Rojo,570913999
JMC,CPR 4.5,2012,JWZ148,Blanco,915142653
Subaru,Legacy,2020,QYX303,Azul,1159514991
Peugeot,Allure,2008,NNW833,Negro,923633347
Honda,CRV,2015,ZND077,Cafe,516539654
Hino,Dutro Pro,2011,KFD448,Amarillo,127000363
Renault,Logan,2021,RTM240,Blanco,43541651
Renault,Sandero,2006,ZEM400,Gris,1011369921
Toyota,Corolla,2020,JXR405,Verde,934035977
Toyota,Prado,2019,SGQ969,Negro,309674053
Chevrolet,Tracker,2005,KKW833,Rojo,345661160
Chevrolet,Onix,2018,JYS756,Blanco,555651522
Mazda,4,2023,XNA788,Azul,676735761
Kia,Seltos,2011,MCU560,Negro,268677223
Suzuki,Swift,2012,BFB029,Cafe,1137526561
Nissan,Tida,2013,OWK253,Amarillo,974415378
Volkswagen,Cross,2015,NWO957,Blanco,41029363
Ford,Fiesta,2015,ZJP754,Gris,503738017
Foton,FHR XL,2005,ETX046,Verde,313008906
Hyundai,Tucson,2005,VBX452,Negro,940333960
JAC,T8 Pro,2007,UTE978,Rojo,190769508
BMW,X6 M60i,2007,HBM202,Blanco,723875436
Mercedes-Benz,GLC 350e,2005,WMO151,Azul,845440176
Citroen,C-elysee,2019,EIS941,Negro,1122479213
JMC,CHR 3.3,2011,FEL529,Cafe,888649815
Subaru,Evoltis,2019,KKW331,Amarillo,70782103
Peugeot,3009,2010,HJZ092,Blanco,927448874
Honda,Civic,2012,FHF401,Gris,940136756
Hino,GH8J,2021,XDU267,Verde,753265735
Renault,Duster,2019,HSD074,Negro,692951311
Renault,KWID,2012,LSQ059,Rojo,631719889
Toyota,4Runner,2006,XQR088,Blanco,456205718
Toyota,Hilux,2016,ZGU205,Azul,688496472
Chevrolet,Captiva,2008,IYL527,Negro,985487740
Chevrolet,Joy,2009,HIL250,Cafe,686960446
Mazda,CX-31,2013,SBI563,Amarillo,115121768
Kia,Picanto,2019,EOC448,Blanco,1013863004
Suzuki,Derco,2011,IBG311,Gris,111409368
Nissan,Murano,2005,YAI418,Verde,533719437
Volkswagen,Gol,2023,HES036,Negro,787000004
Ford,Escape,2018,GND869,Rojo,969493449
Foton,FKR CUMMINS,2019,PIM337,Blanco,623339404
Hyundai,Accent,2011,TZO064,Azul,217919746
JAC,S3,2020,QXY444,Negro,920295861
BMW,X4 M,2007,SQP988,Cafe,932423067
Mercedes-Benz,AMG GLC 44,2019,HKK162,Amarillo,754386271
Citroen,C4,2017,IZQ469,Blanco,588377673
JMC,CPR 4.6,2009,CMI692,Gris,931397106
Subaru,Legacy,2012,OCQ282,Verde,501586600
Peugeot,Allure,2021,OSO602,Negro,1192069780
Honda,CRV,2019,FEM198,Rojo,282155466
Hino,Dutro Pro,2015,PUW235,Blanco,558876563
Renault,Logan,2013,UNS613,Azul,473083298
Renault,Sandero,2019,FGD396,Negro,486223963
Toyota,Corolla,2023,EGW766,Cafe,368079617
Toyota,Prado,2005,KQI192,Amarillo,93170177
Chevrolet,Tracker,2023,WMK546,Blanco,68537858
Chevrolet,Onix,2022,KRI918,Gris,348930782
Mazda,5,2009,BEU874,Verde,724682883
Kia,Seltos,2014,UCT990,Negro,710577329
Suzuki,Swift,2006,TZJ648,Rojo,1074495743
Nissan,Tida,2009,PHJ975,Blanco,888462079
Volkswagen,Cross,2012,BVG806,Azul,136933852
Ford,Fiesta,2014,EHR581,Negro,523187925
Foton,FHR XL,2020,DOO509,Cafe,70539229
Hyundai,Tucson,2012,ZHQ735,Amarillo,444423398
JAC,T8 Pro,2015,HUX538,Blanco,762266826
BMW,X6 M60i,2018,UCT830,Gris,612371741
Mercedes-Benz,GLC 350e,2016,ISX417,Verde,609594952
Citroen,C-elysee,2017,OJH774,Negro,886679368
JMC,CHR 3.4,2014,HAE422,Rojo,303230997
Subaru,Evoltis,2020,KMM635,Blanco,305784148
Peugeot,3010,2013,JMN560,Azul,727948968
Honda,Civic,2005,SAG06,Negro,170209760
Hino,GH8J,2015,XZG237,Cafe,153960829
Renault,Duster,2007,NPG680,Amarillo,475324832
Renault,KWID,2019,AVO647,Blanco,611657562
Toyota,4Runner,2022,OOO567,Gris,825898505
Toyota,Hilux,2006,ZWT194,Verde,799539894
Chevrolet,Captiva,2019,LRH610,Negro,432004869
Chevrolet,Joy,2020,YMB784,Rojo,584790756
Mazda,CX-32,2015,EGK380,Blanco,90691302
Kia,Picanto,2012,KGC068,Azul,873487552
Suzuki,Derco,2016,UPW149,Negro,134737721
Nissan,Murano,2006,RWG699,Cafe,703235540
Volkswagen,Gol,2013,EVW835,Amarillo,1191051487
Ford,Escape,2022,AEF659,Blanco,1163859790
Foton,FKR CUMMINS,2009,JYB138,Gris,1123433924
Hyundai,Accent,2020,RKR163,Verde,395208624
JAC,S4,2013,HGD846,Negro,1135337727
BMW,X4 M,2015,MFB101,Rojo,764579025
Mercedes-Benz,AMG GLC 45,2019,FAZ935,Blanco,966470416
Citroen,C5,2015,GYM248,Azul,1144566907
JMC,CPR 4.7,2014,VTM472,Negro,43232627
Subaru,Legacy,2006,JVY700,Cafe,515829850
Peugeot,Allure,2011,AQL567,Amarillo,740008873
Honda,CRV,2005,GEM064,Blanco,725586519
Hino,Dutro Pro,2006,CSJ234,Gris,1025675984
Renault,Logan,2010,JZN994,Verde,373518549
Renault,Sandero,2021,WJY254,Negro,268292265
Toyota,Corolla,2013,ZWZ035,Rojo,565515304
Toyota,Prado,2009,JQF603,Blanco,805389724
Chevrolet,Tracker,2016,NUL212,Azul,1185366442
Chevrolet,Onix,2022,SXM958,Negro,367947188
Mazda,6,2022,WOQ303,Cafe,177201233
Kia,Seltos,2006,BVK149,Amarillo,614298927
Suzuki,Swift,2008,IIP216,Blanco,721522792
Nissan,Tida,2007,JYG023,Gris,322891673
Volkswagen,Cross,2006,ADM578,Verde,923205506
Ford,Fiesta,2021,IAK729,Negro,454851425
Foton,FHR XL,2011,NWZ664,Rojo,223555570
Hyundai,Tucson,2020,RQL682,Blanco,277294824
JAC,T8 Pro,2012,KMR088,Azul,67438651
BMW,X6 M60i,2009,MZJ060,Negro,511139352
Mercedes-Benz,GLC 350e,2009,ZJK636,Cafe,74153232
Citroen,C-elysee,2021,RFO346,Amarillo,472189119
JMC,CHR 3.5,2016,UBO815,Blanco,931322306
Subaru,Evoltis,2011,CHS064,Gris,280435895
Peugeot,3011,2022,ZPH475,Verde,626886212
Honda,Civic,2018,NIX214,Negro,530854945
Hino,GH8J,2009,BKH398,Rojo,1146667134
Renault,Duster,2012,IGW130,Blanco,767730020
Renault,KWID,2006,YPQ203,Azul,505357798
Toyota,4Runner,2011,HQN281,Negro,878616272
Toyota,Hilux,2020,TCU297,Cafe,984049290
Chevrolet,Captiva,2014,XRJ799,Amarillo,1014732256
Chevrolet,Joy,2005,WYG142,Blanco,978929701
Mazda,CX-33,2011,BXX024,Gris,469581449
Kia,Picanto,2011,UQQ829,Verde,759287544
Suzuki,Derco,2007,JVT750,Negro,1044125539
Nissan,Murano,2021,YUM713,Rojo,748431818
Volkswagen,Gol,2014,KKH889,Blanco,319162160
Ford,Escape,2010,YSZ255,Azul,418603526
Foton,FKR CUMMINS,2015,BYV091,Negro,493199143
Hyundai,Accent,2014,NTW175,Cafe,193899322
JAC,S5,2018,WKL253,Amarillo,793263892
BMW,X4 M,2009,HWV233,Blanco,576336194
Mercedes-Benz,AMG GLC 46,2021,ACB702,Gris,1150707168
Citroen,C6,2012,PDT830,Verde,91221923
JMC,CPR 4.8,2014,IFB596,Negro,293633570
Subaru,Legacy,2014,TFZ696,Rojo,550628963
Peugeot,Allure,2008,LMY298,Blanco,814950256
Honda,CRV,2014,KGW525,Azul,265836316
Hino,Dutro Pro,2018,NRD093,Negro,864490967
Renault,Logan,2023,HAM267,Cafe,231151229
Renault,Sandero,2020,AQY951,Amarillo,984238878
Toyota,Corolla,2023,NXV542,Blanco,593664885
Toyota,Prado,2015,CUU961,Gris,1170516616
Chevrolet,Tracker,2008,MQO917,Verde,685058007
Chevrolet,Onix,2021,QMY704,Negro,948683007
Mazda,7,2010,SDL122,Rojo,852636415
Kia,Seltos,2016,BWU240,Blanco,930146290
Suzuki,Swift,2023,CET710,Azul,1019776699
Nissan,Tida,2016,AOV482,Negro,793919373
Volkswagen,Cross,2010,TZB346,Cafe,1117169327
Ford,Fiesta,2019,GOW858,Amarillo,135901247
Foton,FHR XL,2008,AIL030,Blanco,185050862
Hyundai,Tucson,2012,OBP319,Gris,602668934
JAC,T8 Pro,2013,WMY207,Verde,1015937777
BMW,X6 M60i,2022,NWZ639,Negro,268971741
Mercedes-Benz,GLC 350e,2016,ZJX088,Rojo,390591380
Citroen,C-elysee,2023,YPN782,Blanco,952459461
JMC,CHR 3.6,2017,OHS862,Azul,932174259
Subaru,Evoltis,2006,LEU302,Negro,754640009
Peugeot,3012,2020,WPR347,Cafe,963302051
Honda,Civic,2007,AXR163,Amarillo,916519738
Hino,GH8J,2006,NUD967,Blanco,994450539
Renault,Duster,2018,KOE572,Gris,620984754
Renault,KWID,2013,SDB508,Verde,471493589
Toyota,4Runner,2017,HPY520,Negro,338649702
Toyota,Hilux,2013,AYL401,Rojo,635242955
Chevrolet,Captiva,2014,BQC759,Blanco,43864780
Chevrolet,Joy,2021,DWM09,Azul,215849773
Mazda,CX-34,2019,MPR275,Negro,775481676
Kia,Picanto,2010,DDH990,Cafe,897299877
Suzuki,Derco,2008,ECB044,Amarillo,726864596
Nissan,Murano,2008,XON936,Blanco,619424670
Volkswagen,Gol,2019,DZI696,Gris,66708689
Ford,Escape,2008,KMI306,Verde,1148996106
Foton,FKR CUMMINS,2014,YBG854,Negro,224121147
Hyundai,Accent,2010,ZHS529,Rojo,450748883
JAC,S6,2011,YYW497,Blanco,644542268
BMW,X4 M,2013,VCQ235,Azul,750646014
Mercedes-Benz,AMG GLC 47,2012,FDI324,Negro,263110636
Citroen,C7,2020,HPD169,Cafe,937607207
JMC,CPR 4.9,2007,JKB225,Amarillo,217292365
Subaru,Legacy,2005,PPI020,Blanco,1127090534
Peugeot,Allure,2022,RVO247,Gris,98116911
Honda,CRV,2010,KUW815,Verde,615826127
Hino,Dutro Pro,2007,VLA021,Negro,518754227
Renault,Logan,2022,ASR02,Rojo,56554674
Renault,Sandero,2013,FSP716,Blanco,372019228
Toyota,Corolla,2013,LBY254,Azul,509630522
Toyota,Prado,2013,ENQ784,Negro,227851732
Chevrolet,Tracker,2007,JWR770,Cafe,1133711327
Chevrolet,Onix,2007,UYP832,Amarillo,255355614
Mazda,8,2022,SDG140,Blanco,731954798
Kia,Seltos,2022,UGB137,Gris,920810497
Suzuki,Swift,2021,UQT324,Verde,1182683965
Nissan,Tida,2013,TME133,Negro,473380300
Volkswagen,Cross,2008,KER925,Rojo,669570748
Ford,Fiesta,2005,VCS836,Blanco,89595622
Foton,FHR XL,2007,PSB165,Azul,723450009
Hyundai,Tucson,2014,OHT818,Negro,485452467
JAC,T8 Pro,2009,JCG229,Cafe,115591531
BMW,X6 M60i,2023,ENW173,Amarillo,415625352
Mercedes-Benz,GLC 350e,2017,UFX869,Blanco,1099825194
Citroen,C-elysee,2014,QMG841,Gris,172584374
JMC,CHR 3.7,2012,VFE081,Verde,868849273
Subaru,Evoltis,2012,LXJ136,Negro,1142080127
Peugeot,3013,2021,XKC434,Rojo,357635528
Honda,Civic,2019,FBX678,Blanco,941455591
Hino,GH8J,2006,ZQM878,Azul,628174853
Renault,Duster,2008,MJG661,Negro,374680627
Renault,KWID,2020,ZLU956,Cafe,214147393
Toyota,4Runner,2008,CJH256,Amarillo,675680883
Toyota,Hilux,2012,FGP569,Blanco,610660247
Chevrolet,Captiva,2016,SPT392,Gris,1100101457
Chevrolet,Joy,2012,TCS212,Verde,327626608
Mazda,CX-35,2017,SSZ245,Negro,118820074
Kia,Picanto,2012,WXQ967,Rojo,183203126
Suzuki,Derco,2015,VON165,Blanco,1179229640
Nissan,Murano,2020,VNG680,Azul,1106109210
Volkswagen,Gol,2007,IHS307,Negro,1049075472
Ford,Escape,2015,LGY663,Cafe,357069639
Foton,FKR CUMMINS,2016,VUI798,Amarillo,232502563
Hyundai,Accent,2005,LYP794,Blanco,322009315
JAC,S7,2015,HZP713,Gris,835427244
BMW,X4 M,2005,TTG890,Verde,679005925
Mercedes-Benz,AMG GLC 48,2011,KZR937,Negro,1053407660
Citroen,C8,2014,UWX087,Rojo,514191716
JMC,CPR 4.10,2014,RLU478,Blanco,643442933
Subaru,Legacy,2009,QIR698,Azul,513429204
Peugeot,Allure,2005,OBI689,Negro,743680970
Honda,CRV,2005,RZX366,Cafe,535686618
Hino,Dutro Pro,2007,QMW967,Amarillo,928819646
Renault,Logan,2010,NQP919,Blanco,83810748
Renault,Sandero,2018,MEL550,Gris,407103265
Toyota,Corolla,2011,JLQ734,Verde,1175363668
Toyota,Prado,2006,CGV563,Negro,768953551
Chevrolet,Tracker,2014,LWJ595,Rojo,406950900
Chevrolet,Onix,2014,BUQ902,Blanco,423358496
Mazda,9,2018,ICW973,Azul,316499587
Kia,Seltos,2012,IJZ854,Negro,577610355
Suzuki,Swift,2006,JOT901,Cafe,358822126
Nissan,Tida,2022,GGH756,Amarillo,393622445
Volkswagen,Cross,2023,CZS187,Blanco,396107967
Ford,Fiesta,2023,DJO968,Gris,1036755235
Foton,FHR XL,2013,XDZ752,Verde,217204245
Hyundai,Tucson,2013,JIY689,Negro,879745958
JAC,T8 Pro,2023,ZOE495,Rojo,666953042
BMW,X6 M60i,2010,BZF866,Blanco,1123901716
Mercedes-Benz,GLC 350e,2008,CQM179,Azul,1027810262
Citroen,C-elysee,2022,CQK924,Negro,162530587
JMC,CHR 3.8,2006,YEI273,Cafe,1156988486
Subaru,Evoltis,2013,JBZ601,Amarillo,1019569157
Peugeot,3014,2016,WWW874,Blanco,927316374
Honda,Civic,2016,ZFC574,Gris,448317878
Hino,GH8J,2009,KAN906,Verde,905316281
Renault,Duster,2011,UES707,Negro,205587493
Renault,KWID,2014,BNU926,Rojo,722249900
Toyota,4Runner,2006,XLJ737,Blanco,974958722
Toyota,Hilux,2023,DLS378,Azul,746536148
Chevrolet,Captiva,2023,JIC795,Negro,677849301
Chevrolet,Joy,2013,TKM658,Cafe,677422047
Mazda,CX-36,2014,VDO778,Amarillo,1147618112
Kia,Picanto,2017,HIU693,Blanco,647728459
Suzuki,Derco,2021,QEI510,Gris,1021454104
Nissan,Murano,2006,ZBU354,Verde,1045451451
Volkswagen,Gol,2018,QDB059,Negro,280044484
Ford,Escape,2011,KQD869,Rojo,771143587
Foton,FKR CUMMINS,2020,VKV613,Blanco,737839808
Hyundai,Accent,2008,KMA859,Azul,800209182
JAC,S8,2019,TAZ224,Negro,305411924
BMW,X4 M,2005,HMQ802,Cafe,520491253
Mercedes-Benz,AMG GLC 49,2017,YYM801,Amarillo,56244382
Citroen,C9,2012,JHB818,Blanco,250904198
JMC,CPR 4.11,2009,ZAC739,Gris,1100558796
Subaru,Legacy,2023,MAT448,Verde,438042322
Peugeot,Allure,2013,ENU312,Negro,1080345617
Honda,CRV,2018,UOO637,Rojo,409402714
Hino,Dutro Pro,2007,QTP766,Blanco,701943506
Renault,Logan,2023,GPW505,Azul,908015534
Renault,Sandero,2012,VYC347,Negro,416197651
Toyota,Corolla,2015,RTM598,Cafe,998719075
Toyota,Prado,2009,PQN139,Amarillo,922195982
Chevrolet,Tracker,2015,GQM328,Blanco,450425007
Chevrolet,Onix,2017,FPL660,Gris,111795912
Mazda,10,2020,IJW782,Verde,947215839
Kia,Seltos,2022,KUX280,Negro,678302469
Suzuki,Swift,2021,DPT151,Rojo,872904834
Nissan,Tida,2007,VYK585,Blanco,238797355
Volkswagen,Cross,2023,DTN806,Azul,1179780097
Ford,Fiesta,2006,DMA479,Negro,131650806
Foton,FHR XL,2010,RUF215,Cafe,963698181
Hyundai,Tucson,2016,KUZ477,Amarillo,383555252
JAC,T8 Pro,2017,PYG510,Blanco,660012945
BMW,X6 M60i,2006,JQQ301,Gris,1136713147
Mercedes-Benz,GLC 350e,2012,SVK285,Verde,953128959
Citroen,C-elysee,2007,SJJ374,Negro,1062707532
JMC,CHR 3.9,2023,UBZ437,Rojo,1172242839
Subaru,Evoltis,2007,WOP786,Blanco,1054563690
Peugeot,3015,2016,MGV485,Azul,1154928346
Honda,Civic,2017,KMH215,Negro,1198251462
Hino,GH8J,2011,JZG058,Cafe,719746527
Renault,Duster,2007,DMP271,Amarillo,1122679201
Renault,KWID,2022,LUW032,Blanco,1047450812
Toyota,4Runner,2014,HZJ510,Gris,721719232
Toyota,Hilux,2022,ECF280,Verde,232659307
Chevrolet,Captiva,2008,HPR720,Negro,382708160
Chevrolet,Joy,2013,SRO692,Rojo,419150153
Mazda,CX-37,2021,GEP067,Blanco,121822059
Kia,Picanto,2022,KHE407,Azul,357064989
Suzuki,Derco,2014,HTH586,Negro,626379879
Nissan,Murano,2014,IYO436,Cafe,1031501222
Volkswagen,Gol,2008,ZEL485,Amarillo,810636990
Ford,Escape,2007,QPD054,Blanco,726386586
Foton,FKR CUMMINS,2018,NSB862,Gris,249525600
Hyundai,Accent,2011,GIM963,Verde,176103030
JAC,S9,2017,HUN112,Negro,164325046
BMW,X4 M,2007,IFN688,Rojo,499175950
Mercedes-Benz,AMG GLC 50,2022,FPC603,Blanco,358069764
Citroen,C10,2022,WZZ605,Azul,832936658
JMC,CPR 4.12,2018,ZOJ333,Negro,347822005
Subaru,Legacy,2013,YHC571,Cafe,50295331
Peugeot,Allure,2006,SSF925,Amarillo,426446804
Honda,CRV,2020,FNE498,Blanco,261691229
Hino,Dutro Pro,2009,LIX837,Gris,522525789
Renault,Logan,2011,UUZ131,Verde,1059826214
Renault,Sandero,2008,TZV845,Negro,100179269
Toyota,Corolla,2020,KSU080,Rojo,1167279952
Toyota,Prado,2013,TSA688,Blanco,798702113
Chevrolet,Tracker,2022,OBD420,Azul,189486665
Chevrolet,Onix,2011,YFE352,Negro,508245538
Mazda,11,2016,HNK995,Cafe,1126171979
Kia,Seltos,2011,DAC601,Amarillo,865752394
Suzuki,Swift,2018,CKG822,Blanco,522052856
Nissan,Tida,2015,GQC052,Gris,830201767
Volkswagen,Cross,2011,YYM121,Verde,889265814
Ford,Fiesta,2005,VRL139,Negro,531019433
Foton,FHR XL,2020,FQW476,Rojo,933172075
Hyundai,Tucson,2011,JOM931,Blanco,798433896
JAC,T8 Pro,2015,UCM456,Azul,155053498
BMW,X6 M60i,2021,HTT130,Negro,1170385463
Mercedes-Benz,GLC 350e,2010,QQQ342,Cafe,812420842
Citroen,C-elysee,2021,GGE220,Amarillo,141333629
JMC,CHR 3.10,2022,VAZ190,Blanco,1144824016
Subaru,Evoltis,2011,ZCF763,Gris,146127308
Peugeot,3016,2022,OJP484,Verde,274420453
Honda,Civic,2023,HOG673,Negro,839495323
Hino,GH8J,2013,AHM222,Rojo,125662695
Renault,Duster,2016,RNK037,Blanco,575586420
Renault,KWID,2016,GMZ159,Azul,934528929
Toyota,4Runner,2012,ZJW846,Negro,1115071659
Toyota,Hilux,2018,CNP352,Cafe,256201237
Chevrolet,Captiva,2007,LXH793,Amarillo,345109537
Chevrolet,Joy,2022,LOB511,Blanco,308581348
Mazda,CX-38,2011,ESH346,Gris,1041387537
Kia,Picanto,2014,CXS618,Verde,193327739
Suzuki,Derco,2014,GDY445,Negro,820939401
Nissan,Murano,2022,PAM152,Rojo,125560833
Volkswagen,Gol,2023,CJV834,Blanco,316044068
Ford,Escape,2019,NNE731,Azul,141771287
Foton,FKR CUMMINS,2020,AUN059,Negro,627997681
Hyundai,Accent,2023,AQR834,Cafe,1173969697
JAC,S10,2017,LZF283,Amarillo,773761400
BMW,X4 M,2021,BPB437,Blanco,581692234
Mercedes-Benz,AMG GLC 51,2016,JKU474,Gris,946775278
Citroen,C11,2010,ZWO841,Verde,807671473
JMC,CPR 4.13,2010,ZLD213,Negro,123198975
Subaru,Legacy,2021,CXD970,Rojo,1009737765
Peugeot,Allure,2017,TRT187,Blanco,895115693
Honda,CRV,2012,WLI994,Azul,535637862
Hino,Dutro Pro,2011,BAO387,Negro,888471590
Renault,Logan,2019,CDL721,Cafe,1026162045
Renault,Sandero,2011,MNJ493,Amarillo,83136685
Toyota,Corolla,2010,ZTA964,Blanco,874510693
Toyota,Prado,2013,GCY422,Gris,396090288
Chevrolet,Tracker,2009,WCJ753,Verde,1176601701
Chevrolet,Onix,2017,XTZ908,Negro,373834963
Mazda,12,2018,KTM602,Rojo,701805575
Kia,Seltos,2018,AXI970,Blanco,59902289
Suzuki,Swift,2013,NAJ648,Azul,348959417
Nissan,Tida,2018,AXE102,Negro,628782954
Volkswagen,Cross,2010,NIU304,Cafe,813918877
Ford,Fiesta,2015,KAC298,Amarillo,317809289
Foton,FHR XL,2008,EOK952,Blanco,135636618
Hyundai,Tucson,2014,QIR585,Gris,1110551264
JAC,T8 Pro,2006,AOX594,Verde,1041240236
BMW,X6 M60i,2016,EGQ311,Negro,445403716
Mercedes-Benz,GLC 350e,2015,RLC755,Rojo,886880854
Citroen,C-elysee,2009,KWJ131,Blanco,469855495
JMC,CHR 3.11,2017,ZJG434,Azul,904744522
Subaru,Evoltis,2016,TYM980,Negro,59305600
Peugeot,3017,2016,ERY736,Cafe,692341619
Honda,Civic,2020,WQH856,Amarillo,589761467
Hino,GH8J,2008,OAH603,Blanco,180191761
Renault,Duster,2011,TYS704,Gris,1131534229
Renault,KWID,2020,JKH637,Verde,951135423
Toyota,4Runner,2023,ZBY634,Negro,484779491
Toyota,Hilux,2022,IYM859,Rojo,602690409
Chevrolet,Captiva,2007,NVX520,Blanco,399396216
Chevrolet,Joy,2009,TRI597,Azul,92876793
Mazda,CX-39,2014,NNV696,Negro,944336208
Kia,Picanto,2008,NVT685,Cafe,916919754
Suzuki,Derco,2008,JES797,Amarillo,470077810
Nissan,Murano,2008,FDL070,Blanco,383860446
Volkswagen,Gol,2023,COH06,Gris,1117026574
Ford,Escape,2008,PRH063,Verde,60710367
Foton,FKR CUMMINS,2021,RMG376,Negro,211793915
Hyundai,Accent,2005,BXZ935,Rojo,950132165
JAC,S11,2015,DTG792,Blanco,512600733
BMW,X4 M,2016,FDB099,Azul,995902268
Mercedes-Benz,AMG GLC 52,2012,UEZ531,Negro,1063221792
Citroen,C12,2016,WMS045,Cafe,911886090
JMC,CPR 4.14,2016,FQU219,Amarillo,303882722
Subaru,Legacy,2019,DWM833,Blanco,530757189
Peugeot,Allure,2018,SQB795,Gris,173301411
Honda,CRV,2008,TZY686,Verde,175537244
Hino,Dutro Pro,2010,UNU619,Negro,117393117
Renault,Logan,2022,EAD233,Rojo,631797734
Renault,Sandero,2014,NQQ485,Blanco,669619800
Toyota,Corolla,2023,HAD560,Azul,820366158
Toyota,Prado,2006,AQU137,Negro,112557519
Chevrolet,Tracker,2018,HOB087,Cafe,955231095
Chevrolet,Onix,2021,CJN555,Amarillo,399288617
Mazda,13,2023,AAG186,Blanco,802870774
Kia,Seltos,2016,KXB603,Gris,1042492186
Suzuki,Swift,2022,NLQ501,Verde,599500155
Nissan,Tida,2010,JAA229,Negro,1111572236
Volkswagen,Cross,2017,NDF915,Rojo,498376643
Ford,Fiesta,2016,UNT731,Blanco,294063048
Foton,FHR XL,2005,XGC712,Azul,199413836
Hyundai,Tucson,2020,HQV986,Negro,188607549
JAC,T8 Pro,2015,AAY012,Cafe,432939511
BMW,X6 M60i,2021,VUR387,Amarillo,1047059106
Mercedes-Benz,GLC 350e,2016,JLH188,Blanco,951031808
Citroen,C-elysee,2022,MGE623,Gris,110416756
JMC,CHR 3.12,2011,BVU130,Verde,219031131
Subaru,Evoltis,2014,LND370,Negro,343494878
Peugeot,3018,2006,EZE049,Rojo,627528534
Honda,Civic,2012,FLM479,Blanco,108415278
Hino,GH8J,2022,WDP709,Azul,376936828
Renault,Duster,2021,YVM669,Negro,93672945
Renault,KWID,2014,NEG015,Cafe,1080756577
Toyota,4Runner,2005,TRU591,Amarillo,703311636
Toyota,Hilux,2014,DIQ765,Blanco,715346578
Chevrolet,Captiva,2007,XJL758,Gris,445205568
Chevrolet,Joy,2019,HTZ694,Verde,90174135
Mazda,CX-40,2010,LLM598,Negro,1090550853
Kia,Picanto,2023,NYN068,Rojo,820299758
Suzuki,Derco,2019,QTV932,Blanco,1097995297
Nissan,Murano,2020,TMU087,Azul,630441915
Volkswagen,Gol,2023,KVT691,Negro,677671905
Ford,Escape,2012,HXZ688,Cafe,125102397
Foton,FKR CUMMINS,2006,OPE092,Amarillo,989793519
Hyundai,Accent,2011,WIP476,Blanco,698124362
JAC,S12,2014,XJT110,Gris,703282708
BMW,X4 M,2016,VKF467,Verde,430217005
Mercedes-Benz,AMG GLC 53,2010,XOF015,Negro,380146762
Citroen,C13,2018,SEK509,Rojo,645225866
JMC,CPR 4.15,2020,KUB215,Blanco,210435858
Subaru,Legacy,2012,ZVE356,Azul,1060365311
Peugeot,Allure,2009,QEG820,Negro,605058336
Honda,CRV,2013,ELP515,Cafe,992845446
Hino,Dutro Pro,2013,COM940,Amarillo,943615137
Renault,Logan,2018,IEM359,Blanco,624718696
Renault,Sandero,2014,SER802,Gris,888139375
Toyota,Corolla,2019,LFU925,Verde,420228123
Toyota,Prado,2013,YKH690,Negro,164056274
Chevrolet,Tracker,2012,COM233,Rojo,1186991864
Chevrolet,Onix,2007,FID085,Blanco,632409646
Mazda,14,2019,LSU645,Azul,676921343
Kia,Seltos,2011,BFC667,Negro,253865095
Suzuki,Swift,2006,THR694,Cafe,833064677
Nissan,Tida,2019,LLJ089,Amarillo,1095633891
Volkswagen,Cross,2011,GCM425,Blanco,116481993
Ford,Fiesta,2009,MHM809,Gris,1157832588
Foton,FHR XL,2007,VTI663,Verde,420652504
Hyundai,Tucson,2017,HMI390,Negro,716424749
JAC,T8 Pro,2023,RIT898,Rojo,902733417
BMW,X6 M60i,2006,AXV205,Blanco,985933977
Mercedes-Benz,GLC 350e,2011,FZP310,Azul,643594844
Citroen,C-elysee,2009,TKR793,Negro,922110317
JMC,CHR 3.13,2020,HQJ619,Cafe,277170761
Subaru,Evoltis,2012,VLM638,Amarillo,1046155238
Peugeot,3019,2017,EBJ240,Blanco,196550431
Honda,Civic,2020,VKU355,Gris,56216463
Hino,GH8J,2010,PFO405,Verde,709824318
Renault,Duster,2011,DGV196,Negro,802238080
Renault,KWID,2019,JHU655,Rojo,113223781
Toyota,4Runner,2020,LVD334,Blanco,521205307
Toyota,Hilux,2008,ECU177,Azul,686396847
Chevrolet,Captiva,2015,TNU678,Negro,1035919777
Chevrolet,Joy,2009,BJZ441,Cafe,890366339
Mazda,CX-41,2007,XYM958,Amarillo,1000298426
Kia,Picanto,2007,PFW764,Blanco,1134736246
Suzuki,Derco,2011,VTI089,Gris,815818743
Nissan,Murano,2021,CZJ527,Verde,117467222
Volkswagen,Gol,2012,AJX101,Negro,469746218
Ford,Escape,2007,UYL368,Rojo,209718397
Foton,FKR CUMMINS,2014,WIZ775,Blanco,877102383
Hyundai,Accent,2006,GGZ716,Azul,919467288
JAC,S13,2017,POS459,Negro,497025095
BMW,X4 M,2006,IWK787,Cafe,644473473
Mercedes-Benz,AMG GLC 54,2009,VQT924,Amarillo,1105573595
Citroen,C14,2015,KWY774,Blanco,441534459
JMC,CPR 4.16,2008,IKU244,Gris,534002749
Subaru,Legacy,2020,MFC516,Verde,727509430
Peugeot,Allure,2014,UIT652,Negro,81703262
Honda,CRV,2014,RXS658,Rojo,162959751
Hino,Dutro Pro,2016,XFE406,Blanco,755780381
Renault,Logan,2019,FCX731,Azul,1005450362
Renault,Sandero,2014,PAZ721,Negro,512629050
Toyota,Corolla,2018,SGN566,Cafe,782945363
Toyota,Prado,2012,TVZ652,Amarillo,69586118
Chevrolet,Tracker,2013,AEK168,Blanco,41980247
Chevrolet,Onix,2013,AOG201,Gris,1001148214
Mazda,15,2021,RUI757,Verde,1167177574
Kia,Seltos,2015,ASU612,Negro,703798410
Suzuki,Swift,2017,IHR835,Rojo,780822351
Nissan,Tida,2005,KBS955,Blanco,440989453
Volkswagen,Cross,2006,JQA609,Azul,244997491
Ford,Fiesta,2016,KDL096,Negro,1042366223
Foton,FHR XL,2022,GGZ265,Cafe,748425145
Hyundai,Tucson,2006,HVA320,Amarillo,978238091
JAC,T8 Pro,2017,TFZ459,Blanco,1103234045
BMW,X6 M60i,2009,SOA024,Gris,1060008542
Mercedes-Benz,GLC 350e,2008,HUV825,Verde,424780640
Citroen,C-elysee,2005,OCX715,Negro,148963720
JMC,CHR 3.14,2015,BNV112,Rojo,1186845928
Subaru,Evoltis,2015,CHU896,Blanco,459167404
Peugeot,3020,2023,WYJ219,Azul,1196508099
Honda,Civic,2019,YTW149,Negro,1036349038
Hino,GH8J,2006,NLX090,Cafe,1105617721
Renault,Duster,2005,ZFL285,Amarillo,382553342
Renault,KWID,2008,IPD859,Blanco,578560679
Toyota,4Runner,2008,EBM537,Gris,599394444
Toyota,Hilux,2011,BBO140,Verde,1007515092
Chevrolet,Captiva,2020,SQM472,Negro,219405924
Chevrolet,Joy,2010,OFS595,Rojo,219551059
Mazda,CX-42,2021,QWD864,Blanco,884237026
Kia,Picanto,2016,EMW262,Azul,824700444
Suzuki,Derco,2014,KMQ756,Negro,455634768
Nissan,Murano,2016,RLJ550,Cafe,225852681
Volkswagen,Gol,2007,JXT910,Amarillo,956156341
Ford,Escape,2022,LWM433,Blanco,907437763
Foton,FKR CUMMINS,2009,BJP117,Gris,694782875
Hyundai,Accent,2020,LRV436,Verde,767214285
JAC,S14,2020,NOD900,Negro,402939495
BMW,X4 M,2013,TNM946,Rojo,132195648
Mercedes-Benz,AMG GLC 55,2013,NAL542,Blanco,527826823
Citroen,C15,2016,LYF649,Azul,947573189
JMC,CPR 4.17,2017,KRU139,Negro,210797552
Subaru,Legacy,2022,INX668,Cafe,908504500
Peugeot,Allure,2018,XME236,Amarillo,158104884
Honda,CRV,2020,ACK473,Blanco,1080243378
Hino,Dutro Pro,2007,JOP084,Gris,385759087
Renault,Logan,2013,RZN788,Verde,886068550
Renault,Sandero,2017,YRZ481,Negro,808023342
Toyota,Corolla,2015,RWP672,Rojo,637555251
Toyota,Prado,2007,QAA238,Blanco,539143662
Chevrolet,Tracker,2016,GAY325,Azul,918142447
Chevrolet,Onix,2012,ZXD260,Negro,410884842
Mazda,16,2006,XRZ643,Cafe,85457703
Kia,Seltos,2020,PRI033,Amarillo,1051738813
Suzuki,Swift,2009,RDI226,Blanco,928917109
Nissan,Tida,2022,BRY791,Gris,1140087602
Volkswagen,Cross,2007,FJN757,Verde,408626423
Ford,Fiesta,2012,JPQ729,Negro,482998456
Foton,FHR XL,2005,DVJ142,Rojo,1026653031
Hyundai,Tucson,2005,HAK151,Blanco,910994526
JAC,T8 Pro,2021,PKZ688,Azul,436368190
BMW,X6 M60i,2021,FBQ504,Negro,478565842
Mercedes-Benz,GLC 350e,2022,HIR797,Cafe,117849410
Citroen,C-elysee,2015,KJL426,Amarillo,381981784
JMC,CHR 3.15,2006,WAI688,Blanco,442328572
Subaru,Evoltis,2013,RQV687,Gris,719103481
Peugeot,3021,2014,FXN083,Verde,907721359
Honda,Civic,2015,UZS463,Negro,1075728438
Hino,GH8J,2005,CXY424,Rojo,1145909541
Renault,Duster,2011,ZHC486,Blanco,883767445
Renault,KWID,2023,SBZ135,Azul,879915015
Toyota,4Runner,2008,LUK212,Negro,848459403
Toyota,Hilux,2008,XKA079,Cafe,939315119
Chevrolet,Captiva,2020,JTR427,Amarillo,431824206
Chevrolet,Joy,2013,UAZ606,Blanco,1068151167
Mazda,CX-43,2005,OTZ899,Gris,364698014
Kia,Picanto,2008,CUM826,Verde,839219695
Suzuki,Derco,2012,JWM277,Negro,521223955
Nissan,Murano,2007,EFA010,Rojo,282255736
Volkswagen,Gol,2010,QSA042,Blanco,1039447045
Ford,Escape,2021,RZP559,Azul,965993712
Foton,FKR CUMMINS,2023,YPD918,Negro,719330051
Hyundai,Accent,2015,LST093,Cafe,194508452
JAC,S15,2011,GXX202,Amarillo,927310199
BMW,X4 M,2019,CLF193,Blanco,759328743
Mercedes-Benz,AMG GLC 56,2019,GAN122,Gris,710594057
Citroen,C16,2021,JOT495,Verde,191797731
JMC,CPR 4.18,2006,OAE468,Negro,939127499
Subaru,Legacy,2016,SMK407,Rojo,1062420258
Peugeot,Allure,2009,MIJ944,Blanco,1187490410
Honda,CRV,2007,THT722,Azul,436409655
Hino,Dutro Pro,2014,UIX832,Negro,1110819801
Renault,Logan,2011,AXI039,Cafe,1055884923
Renault,Sandero,2009,VLJ547,Amarillo,261210116
Toyota,Corolla,2010,UAM644,Blanco,703121190
Toyota,Prado,2009,LLJ434,Gris,523139970
Chevrolet,Tracker,2020,EFJ938,Verde,909945108
Chevrolet,Onix,2013,YIP280,Negro,331546328
Mazda,17,2019,FUJ434,Rojo,801602358
Kia,Seltos,2021,MTD302,Blanco,1006390082
Suzuki,Swift,2022,OSY037,Azul,1081565695
Nissan,Tida,2011,OPB915,Negro,759392021
Volkswagen,Cross,2015,CJZ707,Cafe,402743417
Ford,Fiesta,2015,XFB282,Amarillo,938391952
Foton,FHR XL,2007,GED631,Blanco,834278611
Hyundai,Tucson,2005,GWO561,Gris,177534846
JAC,T8 Pro,2008,RJL150,Verde,125015434
BMW,X6 M60i,2017,OBV234,Negro,839741633
Mercedes-Benz,GLC 350e,2019,DFF740,Rojo,510372690
Citroen,C-elysee,2005,EZY970,Blanco,1124238746
JMC,CHR 3.16,2010,JXW030,Azul,432979407
Subaru,Evoltis,2014,EJQ458,Negro,301478961
Peugeot,3022,2012,KNG104,Cafe,756152743
Honda,Civic,2018,WBM556,Amarillo,582522544
Hino,GH8J,2014,FIH231,Blanco,656468309
Renault,Duster,2008,PLA470,Gris,1191605824
Renault,KWID,2009,AVN544,Verde,559989696
Toyota,4Runner,2015,UUV304,Negro,539036266
Toyota,Hilux,2021,JMX280,Rojo,937821798
Chevrolet,Captiva,2005,HKG049,Blanco,474210504
Chevrolet,Joy,2010,RUF249,Azul,646109136
Mazda,CX-44,2016,APC503,Negro,374637479
Kia,Picanto,2009,TYR123,Cafe,671720540
Suzuki,Derco,2015,EKS295,Amarillo,999377790
Nissan,Murano,2005,VQY792,Blanco,270499463
Volkswagen,Gol,2011,HJC309,Gris,218766259
Ford,Escape,2015,YLA813,Verde,402923561
Foton,FKR CUMMINS,2018,TUW573,Negro,109787760
Hyundai,Accent,2008,AKV065,Rojo,338344752
JAC,S16,2022,ZKR758,Blanco,758609554
BMW,X4 M,2017,QQH378,Azul,896149442
Mercedes-Benz,AMG GLC 57,2011,KZP985,Negro,768774426
Citroen,C17,2014,XIA218,Cafe,598314442
JMC,CPR 4.19,2013,VTO896,Amarillo,735878810
Subaru,Legacy,2023,AFW428,Blanco,109348948
Peugeot,Allure,2021,NPL932,Gris,428929180
Honda,CRV,2007,KFJ386,Verde,910082816
Hino,Dutro Pro,2012,XQJ430,Negro,83324910
Renault,Logan,2015,LZY955,Rojo,1188969454
Renault,Sandero,2012,LDT955,Blanco,778497182
Toyota,Corolla,2012,TJJ738,Azul,1149457456
Toyota,Prado,2012,KLU905,Negro,233160155
Chevrolet,Tracker,2020,JFV312,Cafe,532992795
Chevrolet,Onix,2012,AEU106,Amarillo,107322267
Mazda,18,2019,TVI193,Blanco,472746816
Kia,Seltos,2012,HZE039,Gris,157988441
Suzuki,Swift,2015,RMO400,Verde,254924589
Nissan,Tida,2012,QQP527,Negro,1119125971
Volkswagen,Cross,2021,LIN821,Rojo,379852229
Ford,Fiesta,2021,OAA376,Blanco,53917433
Foton,FHR XL,2021,IOR320,Azul,715938557
Hyundai,Tucson,2017,BUY662,Negro,1172121808
JAC,T8 Pro,2007,SNG975,Cafe,181499057
BMW,X6 M60i,2015,ASO538,Amarillo,399319911
Mercedes-Benz,GLC 350e,2020,WPZ628,Blanco,676575078
Citroen,C-elysee,2022,PTT949,Gris,337215808
JMC,CHR 3.17,2005,PHV971,Verde,167035611
Subaru,Evoltis,2019,NOL995,Negro,225700867
Peugeot,3023,2009,YPK493,Rojo,686579822
Honda,Civic,2007,EQU421,Blanco,98518306
Hino,GH8J,2010,MAC214,Azul,159314659
Renault,Duster,2016,QIC310,Negro,361721407
Renault,KWID,2015,JPA559,Cafe,1053352258
Toyota,4Runner,2011,AKJ532,Amarillo,1157830981
Toyota,Hilux,2019,SQK611,Blanco,1062529320
Chevrolet,Captiva,2014,XZW324,Gris,53474225
Chevrolet,Joy,2022,OEZ201,Verde,41260821
Mazda,CX-45,2007,VXV340,Negro,1061873049
Kia,Picanto,2005,VDQ272,Rojo,99524395
Suzuki,Derco,2012,OGR699,Blanco,984209054
Nissan,Murano,2016,GSJ297,Azul,263822681
Volkswagen,Gol,2005,KEX292,Negro,124538563
Ford,Escape,2007,FHZ531,Cafe,1142729652
Foton,FKR CUMMINS,2013,NUZ416,Amarillo,225119051
Hyundai,Accent,2016,KLL280,Blanco,774384770
JAC,S17,2012,OIZ028,Gris,270979165
BMW,X4 M,2020,BUL893,Verde,1031156111
Mercedes-Benz,AMG GLC 58,2006,JTH737,Negro,692533113
Citroen,C18,2017,NBS367,Rojo,331656132
JMC,CPR 4.20,2008,QPT533,Blanco,941221567
Subaru,Legacy,2007,PUF430,Azul,285649163
Peugeot,Allure,2005,RXV231,Negro,209058259
Honda,CRV,2014,XUT209,Cafe,235887955
Hino,Dutro Pro,2006,CIS176,Amarillo,995598629
Renault,Logan,2009,MHU846,Blanco,1196160221
Renault,Sandero,2011,LGC948,Gris,444562378
Toyota,Corolla,2009,VWN945,Verde,821292562
Toyota,Prado,2010,CFA859,Negro,137122112
Chevrolet,Tracker,2011,KFB767,Rojo,858819306
Chevrolet,Onix,2008,BWE020,Blanco,1169834362
Mazda,19,2010,PUV830,Azul,1175488370
Kia,Seltos,2006,BLN151,Negro,1060444337
Suzuki,Swift,2008,LAH611,Cafe,532820159
Nissan,Tida,2008,QDM917,Amarillo,722389457
Volkswagen,Cross,2018,IMZ130,Blanco,1107724621
Ford,Fiesta,2020,JLW112,Gris,1073292344
Foton,FHR XL,2019,FKO173,Verde,977014187
Hyundai,Tucson,2013,TWU590,Negro,742748208
JAC,T8 Pro,2010,BHK442,Rojo,989787077
BMW,X6 M60i,2020,ECV201,Blanco,1180476427
Mercedes-Benz,GLC 350e,2023,KJQ144,Azul,1152609146
Citroen,C-elysee,2023,VCE688,Negro,1106958745
JMC,CHR 3.18,2019,HGH371,Cafe,528750919
Subaru,Evoltis,2008,IKX480,Amarillo,375537806
Peugeot,3024,2023,NPC791,Blanco,743335642
Honda,Civic,2013,ESO02,Gris,921161666
Hino,GH8J,2022,SIO286,Verde,778613041
Renault,Duster,2011,SQD616,Negro,903324706
Renault,KWID,2012,QCH304,Rojo,218775812
Toyota,4Runner,2009,OTU464,Blanco,658390361
Toyota,Hilux,2012,CRH964,Azul,293631866
Chevrolet,Captiva,2023,WXH155,Negro,1070857997
Chevrolet,Joy,2014,PFH348,Cafe,519038951
Mazda,CX-46,2015,GDH017,Amarillo,686359501
Kia,Picanto,2009,DNU080,Blanco,95390320
Suzuki,Derco,2023,HWW583,Gris,744518402
Nissan,Murano,2006,NES287,Verde,1191617501
Volkswagen,Gol,2011,NBD294,Negro,971427308
Ford,Escape,2020,XXF929,Rojo,262118119
Foton,FKR CUMMINS,2021,RXQ759,Blanco,1033857641
Hyundai,Accent,2013,NDW817,Azul,516077622
JAC,S18,2008,LMC140,Negro,666205347
BMW,X4 M,2008,YQK390,Cafe,178582601
Mercedes-Benz,AMG GLC 59,2023,MOX153,Amarillo,212768368
Citroen,C19,2019,GVB013,Blanco,1092082882
JMC,CPR 4.21,2012,TZT995,Gris,460875816
Subaru,Legacy,2018,LTA256,Verde,115221529
Peugeot,Allure,2008,OAO266,Negro,665003503
Honda,CRV,2009,HUL026,Rojo,307223453
Hino,Dutro Pro,2017,YUE783,Blanco,955282952
Renault,Logan,2007,ATY574,Azul,650528012
Renault,Sandero,2021,TDU174,Negro,386735749
Toyota,Corolla,2008,ITT914,Cafe,1194217413
Toyota,Prado,2017,CWK648,Amarillo,1056714788
Chevrolet,Tracker,2020,CPO720,Blanco,553400124
Chevrolet,Onix,2021,XSR475,Gris,782276522
Mazda,20,2010,MYQ800,Verde,390759207
Kia,Seltos,2021,HJE312,Negro,937592004
Suzuki,Swift,2006,MHX446,Rojo,1009758862
Nissan,Tida,2012,UPW497,Blanco,837021328
Volkswagen,Cross,2010,TBW154,Azul,285692795
Ford,Fiesta,2022,JRZ550,Negro,1118732840
Foton,FHR XL,2009,KVG934,Cafe,898378925
Hyundai,Tucson,2018,LIN709,Amarillo,985624994
JAC,T8 Pro,2017,SIV534,Blanco,85519564
BMW,X6 M60i,2016,CQS892,Gris,952553967
Mercedes-Benz,GLC 350e,2018,FHO807,Verde,1060851952
Citroen,C-elysee,2015,LJM019,Negro,110827053
JMC,CHR 3.19,2017,YUW089,Rojo,1053345390
Subaru,Evoltis,2011,JBJ802,Blanco,1064447774
Peugeot,3025,2021,OPA833,Azul,1178798389
Honda,Civic,2013,LYR968,Negro,372234998
Hino,GH8J,2020,NEK656,Cafe,978618626
Renault,Duster,2011,JVJ740,Amarillo,281173825
Renault,KWID,2019,LEO271,Blanco,397150277
Toyota,4Runner,2015,SIC413,Gris,689596833
Toyota,Hilux,2005,IQS926,Verde,755673738
Chevrolet,Captiva,2016,YPW983,Negro,159919495
Chevrolet,Joy,2009,NSR048,Rojo,977938483
Mazda,CX-47,2013,RTX467,Blanco,662895691
Kia,Picanto,2023,JOG959,Azul,1060898358
Suzuki,Derco,2011,IDB401,Negro,815925806
Nissan,Murano,2019,NPF915,Cafe,293862474
Volkswagen,Gol,2019,OHZ497,Amarillo,591296204
Ford,Escape,2005,SVR08,Blanco,1103709439
Foton,FKR CUMMINS,2015,TZF249,Gris,436076473
Hyundai,Accent,2007,SCG909,Verde,598879791
JAC,S19,2020,UAA278,Negro,526336521
BMW,X4 M,2019,HGJ841,Rojo,867909332
Mercedes-Benz,AMG GLC 60,2023,WTN717,Blanco,1182653813
Citroen,C20,2005,LHW014,Azul,939750352
JMC,CPR 4.22,2008,BQT689,Negro,1063049815
Subaru,Legacy,2019,QVT026,Cafe,683270849
Peugeot,Allure,2014,FGK784,Amarillo,184198949
Honda,CRV,2020,UJL456,Blanco,1159887318
Hino,Dutro Pro,2016,QBL741,Gris,971699632
Renault,Logan,2021,YFP722,Verde,716253164
Renault,Sandero,2014,BZL795,Negro,445467249
Toyota,Corolla,2011,WZG165,Rojo,1105835935
Toyota,Prado,2007,HRA295,Blanco,936458573
Chevrolet,Tracker,2007,HNO082,Azul,842249612
Chevrolet,Onix,2006,FGD119,Negro,742819242
Mazda,21,2016,QUH878,Cafe,430521145
Kia,Seltos,2005,YPQ988,Amarillo,787140854
Suzuki,Swift,2006,BKS686,Blanco,916474762
Nissan,Tida,2010,JOX809,Gris,864765125
Volkswagen,Cross,2019,BKD062,Verde,790236213
Ford,Fiesta,2013,VXH403,Negro,1192335141
Foton,FHR XL,2013,JFK757,Rojo,620603341
Hyundai,Tucson,2013,ZOE463,Blanco,894989857
JAC,T8 Pro,2019,HOV418,Azul,1146614826
BMW,X6 M60i,2022,CGS105,Negro,363898015
Mercedes-Benz,GLC 350e,2011,OSH267,Cafe,1021771468
Citroen,C-elysee,2016,TVV141,Amarillo,881302947
JMC,CHR 3.20,2009,OHC783,Blanco,630900329
Subaru,Evoltis,2007,EGB479,Gris,914700338
Peugeot,3026,2010,MKK202,Verde,740402547
Honda,Civic,2014,UUX273,Negro,130357551
Hino,GH8J,2015,JGJ070,Rojo,392236707
Renault,Duster,2019,CTY045,Blanco,733411928
Renault,KWID,2018,AWY224,Azul,517365502
Toyota,4Runner,2018,VSR610,Negro,71776078
Toyota,Hilux,2013,NUH096,Cafe,1116518328
Chevrolet,Captiva,2012,KIR848,Amarillo,842301294
Chevrolet,Joy,2011,HZW650,Blanco,64672564
Mazda,CX-48,2013,XRE387,Gris,581125424
Kia,Picanto,2010,ILC240,Verde,82179588
Suzuki,Derco,2019,MYT675,Negro,152917467
Nissan,Murano,2015,WID932,Rojo,722050841
Volkswagen,Gol,2022,QGR493,Blanco,108124835
Ford,Escape,2010,RUR916,Azul,607808721
Foton,FKR CUMMINS,2008,FNN959,Negro,290493537
Hyundai,Accent,2005,SAO414,Cafe,733298145
JAC,S20,2019,OON294,Amarillo,1076626647
BMW,X4 M,2007,PKN787,Blanco,651492941
Mercedes-Benz,AMG GLC 61,2013,BIR611,Gris,266510805
Citroen,C21,2008,FSQ881,Verde,309796102
JMC,CPR 4.23,2009,HRW171,Negro,215334699
Subaru,Legacy,2020,DEV143,Rojo,914200855
Peugeot,Allure,2019,PQJ099,Blanco,564093061
Honda,CRV,2017,IVF352,Azul,501215756
Hino,Dutro Pro,2021,CSI265,Negro,940542520
Renault,Logan,2021,HRZ491,Cafe,258145022
Renault,Sandero,2008,CPE673,Amarillo,493647382
Toyota,Corolla,2016,DPE077,Blanco,995604068
Toyota,Prado,2023,AQP839,Gris,168173043
Chevrolet,Tracker,2018,UOB205,Verde,551160244
Chevrolet,Onix,2013,KYB331,Negro,91302991
Mazda,22,2023,OPR526,Rojo,379499187
Kia,Seltos,2005,GTP487,Blanco,667785996
Suzuki,Swift,2021,SSD951,Azul,155659054
Nissan,Tida,2022,PWH540,Negro,1038106546
Volkswagen,Cross,2018,CKI470,Cafe,642415488
Ford,Fiesta,2018,VOV706,Amarillo,1141107810
Foton,FHR XL,2010,QXG595,Blanco,925553271
Hyundai,Tucson,2016,VTZ758,Gris,728167587
JAC,T8 Pro,2008,RNL544,Verde,812854314
BMW,X6 M60i,2007,WHI019,Negro,987811134
Mercedes-Benz,GLC 350e,2016,HEN487,Rojo,1070086968
Citroen,C-elysee,2013,MHC779,Blanco,1136879088
JMC,CHR 3.21,2012,PGU953,Azul,131102030
Subaru,Evoltis,2016,BAV511,Negro,679045472
Peugeot,3027,2009,VDL525,Cafe,658284609
Honda,Civic,2015,XYS922,Amarillo,927174099
Hino,GH8J,2009,HAQ800,Blanco,691861386
Renault,Duster,2005,UFN199,Gris,361027777
Renault,KWID,2017,IXB425,Verde,453910262
Toyota,4Runner,2016,MSJ202,Negro,508245719
Toyota,Hilux,2012,ILA847,Rojo,1177987933
Chevrolet,Captiva,2007,ZQI420,Blanco,685764812
Chevrolet,Joy,2016,MKT994,Azul,385884301
Mazda,CX-49,2010,VFX612,Negro,642206684
Kia,Picanto,2007,KXV288,Cafe,140842033
Suzuki,Derco,2011,HYX316,Amarillo,602900363
Nissan,Murano,2013,NNT579,Blanco,1056995541
Volkswagen,Gol,2014,SGU277,Gris,628098056
Ford,Escape,2015,EPY455,Verde,94792053
Foton,FKR CUMMINS,2022,YJN910,Negro,366339471
Hyundai,Accent,2019,LRT167,Rojo,1072729206
JAC,S21,2021,DNG194,Blanco,150815813
BMW,X4 M,2016,GDV912,Azul,1176530475
Mercedes-Benz,AMG GLC 62,2005,MRU517,Negro,744591393
Citroen,C22,2005,BNW109,Cafe,486573321
JMC,CPR 4.24,2010,IWN538,Amarillo,424628139
Subaru,Legacy,2020,KSL387,Blanco,768518672
Peugeot,Allure,2009,WGL047,Gris,882820551
Honda,CRV,2020,EEJ451,Verde,423540776
Hino,Dutro Pro,2012,JTE934,Negro,895200371
Renault,Logan,2007,UJX026,Rojo,141956483
Renault,Sandero,2017,VPE219,Blanco,309740522
Toyota,Corolla,2020,CCQ506,Azul,722510886
Toyota,Prado,2019,CXN305,Negro,276634400
Chevrolet,Tracker,2020,NGA516,Cafe,1193513930
Chevrolet,Onix,2013,NGK889,Amarillo,752727961
Mazda,23,2017,OZO299,Blanco,779322572
Kia,Seltos,2008,EYU647,Gris,694063869
Suzuki,Swift,2016,EDM096,Verde,1067567231
Nissan,Tida,2022,KGP108,Negro,962151713
Volkswagen,Cross,2011,VYH917,Rojo,357947455
Ford,Fiesta,2005,GFI289,Blanco,234722617
Foton,FHR XL,2017,SKD170,Azul,578178456
Hyundai,Tucson,2022,CPL491,Negro,44150356
JAC,T8 Pro,2009,SVQ934,Cafe,550866071
BMW,X6 M60i,2008,BPE718,Amarillo,298486646
Mercedes-Benz,GLC 350e,2006,AVK655,Blanco,1132796616
Citroen,C-elysee,2011,FNB783,Gris,506699882
JMC,CHR 3.22,2008,QOD395,Verde,480455718
Subaru,Evoltis,2016,JOX994,Negro,1012465657
Peugeot,3028,2011,YZK181,Rojo,695008739
Honda,Civic,2016,WBJ243,Blanco,380091600
Hino,GH8J,2008,LLP031,Azul,56308151
Renault,Duster,2022,XXN311,Negro,1102543080
Renault,KWID,2023,GGS286,Cafe,964905434
Toyota,4Runner,2005,ORB795,Amarillo,833771147
Toyota,Hilux,2023,FAZ773,Blanco,777508501
Chevrolet,Captiva,2022,NFH249,Gris,485310906
Chevrolet,Joy,2022,FPL390,Verde,385067715
Mazda,CX-50,2018,XLV738,Negro,1066084556
Kia,Picanto,2013,OVI146,Rojo,736401919
Suzuki,Derco,2023,PMJ722,Blanco,1012991871
Nissan,Murano,2009,RRM075,Azul,889440112
Volkswagen,Gol,2023,THK264,Negro,560616404
Ford,Escape,2018,BVG065,Cafe,455928810
Foton,FKR CUMMINS,2017,KPQ374,Amarillo,1068583043
Hyundai,Accent,2014,ASN784,Blanco,493382820
JAC,S22,2014,RLO829,Gris,584025896
BMW,X4 M,2023,QCM857,Verde,387621588
Mercedes-Benz,AMG GLC 63,2020,SJJ958,Negro,375389574
Citroen,C23,2014,YGD785,Rojo,44843521
JMC,CPR 4.25,2017,LWJ484,Blanco,653730496
Subaru,Legacy,2017,HGM081,Azul,250751084
Peugeot,Allure,2016,QEQ492,Negro,1182156911
Honda,CRV,2005,TKW472,Cafe,893830892
Hino,Dutro Pro,2010,HXL558,Amarillo,675699112
Renault,Logan,2016,KXM206,Blanco,540063293
Renault,Sandero,2005,USL604,Gris,1178313865
Toyota,Corolla,2007,ZPK294,Verde,690886214
Toyota,Prado,2021,WPY878,Negro,1032801965
Chevrolet,Tracker,2009,ODB136,Rojo,376218536
Chevrolet,Onix,2014,KTX572,Blanco,1001026133
Mazda,24,2016,MOM01,Azul,553126595
Kia,Seltos,2013,ENA700,Negro,148567613
Suzuki,Swift,2007,LAW284,Cafe,577351075
Nissan,Tida,2019,AKW059,Amarillo,944917812
Volkswagen,Cross,2005,VYR993,Blanco,1015728849
Ford,Fiesta,2012,CUY627,Gris,1153097788
Foton,FHR XL,2013,IZY181,Verde,70594548
Hyundai,Tucson,2006,XAA980,Negro,637554495
JAC,T8 Pro,2017,UJN108,Rojo,1086475928
BMW,X6 M60i,2007,VYT167,Blanco,1096032073
Mercedes-Benz,GLC 350e,2014,SVR487,Azul,1092094805
Citroen,C-elysee,2009,MHZ547,Negro,874037793
JMC,CHR 3.23,2017,VKH629,Cafe,1130144939
Subaru,Evoltis,2023,XCI905,Amarillo,157772276
Peugeot,3029,2016,ARM387,Blanco,77661511
Honda,Civic,2011,RTN320,Gris,188589473
Hino,GH8J,2007,BFS615,Verde,347392853
Renault,Duster,2015,KVF981,Negro,711143678
Renault,KWID,2023,KWA606,Rojo,1142477069
Toyota,4Runner,2018,THE942,Blanco,307673213
Toyota,Hilux,2009,REQ271,Azul,341252847
Chevrolet,Captiva,2008,JHH391,Negro,1098494774
Chevrolet,Joy,2018,XFL315,Cafe,987059638
Mazda,CX-51,2007,ZHJ543,Amarillo,1180880702
Kia,Picanto,2017,INC972,Blanco,499676492
Suzuki,Derco,2007,RGJ723,Gris,868334428
Nissan,Murano,2022,EHB297,Verde,688037008
Volkswagen,Gol,2021,BZG385,Negro,155084012
Ford,Escape,2014,QZH317,Rojo,130815114
Foton,FKR CUMMINS,2018,LEW075,Blanco,66064120
Hyundai,Accent,2017,KIU967,Azul,207933193
JAC,S23,2011,VKB117,Negro,107838272
BMW,X4 M,2016,APR070,Cafe,230097570
Mercedes-Benz,AMG GLC 64,2021,YSU460,Amarillo,837638535
Citroen,C24,2010,AKP942,Blanco,542170216
JMC,CPR 4.26,2017,SCS540,Gris,992474112
Subaru,Legacy,2023,NGG022,Verde,161338544
Peugeot,Allure,2008,ELA432,Negro,814677330
Honda,CRV,2005,YXF636,Rojo,448027870
Hino,Dutro Pro,2019,CEI027,Blanco,1125125510
Renault,Logan,2019,CQR536,Azul,889190207
Renault,Sandero,2012,XTM712,Negro,605714945
Toyota,Corolla,2008,VCS760,Cafe,229825739
Toyota,Prado,2006,WUR934,Amarillo,511898183
Chevrolet,Tracker,2018,CMY125,Blanco,1181988459
Chevrolet,Onix,2022,GLN850,Gris,587904895
Mazda,25,2015,LBW968,Verde,146418294
Kia,Seltos,2010,LXM397,Negro,402971088
Suzuki,Swift,2016,CQG857,Rojo,131305233
Nissan,Tida,2017,EAY281,Blanco,476939682
Volkswagen,Cross,2011,SOZ633,Azul,780559713
Ford,Fiesta,2013,IPS736,Negro,863655265
Foton,FHR XL,2011,CPW970,Cafe,730983773
Hyundai,Tucson,2006,CKH252,Amarillo,184351395
JAC,T8 Pro,2021,SYM735,Blanco,459437299
BMW,X6 M60i,2007,QIJ196,Gris,693629797
Mercedes-Benz,GLC 350e,2023,MRS361,Verde,570757656
Citroen,C-elysee,2006,AAK433,Negro,1056836345
JMC,CHR 3.24,2022,ZEZ982,Rojo,1087235587
Subaru,Evoltis,2014,RBQ680,Blanco,305847059
Peugeot,3030,2022,OFB088,Azul,754644943
Honda,Civic,2013,ZCO202,Negro,736097950
Hino,GH8J,2009,BAP506,Cafe,755192765
Renault,Duster,2005,WCW897,Amarillo,265663219
Renault,KWID,2005,ETO707,Blanco,311900139
Toyota,4Runner,2009,PJC392,Gris,1128187429
Toyota,Hilux,2014,HUT011,Verde,192882174
Chevrolet,Captiva,2014,LGA384,Negro,368853394
Chevrolet,Joy,2021,DEN890,Rojo,570913999
Mazda,CX-52,2010,MWZ112,Blanco,915142653
Kia,Picanto,2007,UCT971,Azul,1159514991
Suzuki,Derco,2006,AJT564,Negro,923633347
Nissan,Murano,2023,KVS634,Cafe,516539654
Volkswagen,Gol,2009,XPZ856,Amarillo,127000363
Ford,Escape,2014,HXF802,Blanco,43541651
Foton,FKR CUMMINS,2016,GCL905,Gris,1011369921
Hyundai,Accent,2012,SNN925,Verde,934035977
JAC,S24,2009,AMP799,Negro,309674053
BMW,X4 M,2006,TRS208,Rojo,345661160
Mercedes-Benz,AMG GLC 65,2020,FCM913,Blanco,555651522
Citroen,C25,2020,UOV333,Azul,676735761
JMC,CPR 4.27,2008,QND486,Negro,268677223
Subaru,Legacy,2010,UHU906,Cafe,1137526561
Peugeot,Allure,2016,LPM557,Amarillo,974415378
Honda,CRV,2013,IKF474,Blanco,41029363
Hino,Dutro Pro,2010,LGZ746,Gris,503738017
Renault,Logan,2015,BYO150,Verde,313008906
Renault,Sandero,2011,RNA635,Negro,940333960
Toyota,Corolla,2007,SVM700,Rojo,190769508
Toyota,Prado,2010,ZUY908,Blanco,723875436
Chevrolet,Tracker,2009,ZCF03,Azul,845440176
Chevrolet,Onix,2020,GBL348,Negro,1122479213
Mazda,26,2015,ZKC865,Cafe,888649815
Kia,Seltos,2013,TFS245,Amarillo,70782103
Suzuki,Swift,2023,XRU484,Blanco,927448874
Nissan,Tida,2015,YJQ613,Gris,940136756
Volkswagen,Cross,2013,YPJ520,Verde,753265735
Ford,Fiesta,2020,WKM228,Negro,692951311
Foton,FHR XL,2015,XPN489,Rojo,631719889
Hyundai,Tucson,2013,LFE267,Blanco,456205718
JAC,T8 Pro,2010,BBA561,Azul,688496472
BMW,X6 M60i,2012,AXK879,Negro,985487740
Mercedes-Benz,GLC 350e,2009,QEM246,Cafe,686960446
Citroen,C-elysee,2009,YAH340,Amarillo,115121768
JMC,CHR 3.25,2023,NMC295,Blanco,1013863004
Subaru,Evoltis,2019,AVR801,Gris,111409368
Peugeot,3031,2009,DVZ195,Verde,533719437
Honda,Civic,2012,GLI087,Negro,787000004
Hino,GH8J,2006,RJH214,Rojo,969493449
Renault,Duster,2005,QRD957,Blanco,623339404
Renault,KWID,2006,WWJ158,Azul,217919746
Toyota,4Runner,2018,FDV067,Negro,920295861
Toyota,Hilux,2023,KUQ474,Cafe,932423067
Chevrolet,Captiva,2007,NWF328,Amarillo,754386271
Chevrolet,Joy,2006,AFN823,Blanco,588377673
Mazda,CX-53,2008,DPS287,Gris,931397106
Kia,Picanto,2016,WBF724,Verde,501586600
Suzuki,Derco,2016,TEJ215,Negro,1192069780
Nissan,Murano,2009,PSK500,Rojo,282155466
Volkswagen,Gol,2014,EKQ708,Blanco,558876563
Ford,Escape,2014,YEK381,Azul,473083298
Foton,FKR CUMMINS,2008,SNE396,Negro,486223963
Hyundai,Accent,2013,TAX785,Cafe,368079617
JAC,S25,2012,NDO235,Amarillo,93170177
BMW,X4 M,2006,DTF875,Blanco,68537858
Mercedes-Benz,AMG GLC 66,2009,ICS090,Gris,348930782
Citroen,C26,2019,AXW166,Verde,724682883
JMC,CPR 4.28,2021,UNJ105,Negro,710577329
Subaru,Legacy,2014,OAS691,Rojo,1074495743
Peugeot,Allure,2006,OXW151,Blanco,888462079
Honda,CRV,2017,COC344,Azul,136933852
Hino,Dutro Pro,2020,GDW666,Negro,523187925
Renault,Logan,2023,TJA064,Cafe,70539229
Renault,Sandero,2016,BAJ796,Amarillo,444423398
Toyota,Corolla,2012,PFR329,Blanco,762266826
Toyota,Prado,2007,LAS139,Gris,612371741
Chevrolet,Tracker,2019,VVY915,Verde,609594952
Chevrolet,Onix,2017,UKX184,Negro,886679368
Mazda,27,2015,ANM038,Rojo,303230997
Kia,Seltos,2008,QGR453,Blanco,305784148
Suzuki,Swift,2021,OEL811,Azul,727948968
Nissan,Tida,2023,VWP846,Negro,170209760
Volkswagen,Cross,2007,WSR987,Cafe,153960829
Ford,Fiesta,2005,SBZ378,Amarillo,475324832
Foton,FHR XL,2015,BRW512,Blanco,611657562
Hyundai,Tucson,2017,OCP861,Gris,825898505
JAC,T8 Pro,2014,SON107,Verde,799539894
BMW,X6 M60i,2021,PCD768,Negro,432004869
Mercedes-Benz,GLC 350e,2019,WBP688,Rojo,584790756
Citroen,C-elysee,2016,MNS905,Blanco,90691302
JMC,CHR 3.26,2008,VMJ339,Azul,873487552
Subaru,Evoltis,2021,YBZ508,Negro,134737721
Peugeot,3032,2016,OPL965,Cafe,703235540
Honda,Civic,2013,TMS296,Amarillo,1191051487
Hino,GH8J,2016,RPZ586,Blanco,1163859790
Renault,Duster,2021,FSV811,Gris,1123433924
Renault,KWID,2016,XKI153,Verde,395208624
Toyota,4Runner,2014,MHR453,Negro,1135337727
Toyota,Hilux,2009,ZBG446,Rojo,764579025
Chevrolet,Captiva,2015,GHE376,Blanco,966470416
Chevrolet,Joy,2011,QZW177,Azul,1144566907
Mazda,CX-54,2014,ZKX851,Negro,43232627
Kia,Picanto,2015,YBT149,Cafe,515829850
Suzuki,Derco,2006,QKJ051,Amarillo,740008873
Nissan,Murano,2017,EDN714,Blanco,725586519
Volkswagen,Gol,2018,RPD978,Gris,1025675984
Ford,Escape,2023,ISY082,Verde,373518549
Foton,FKR CUMMINS,2006,NAO304,Negro,268292265
Hyundai,Accent,2019,KMT436,Rojo,565515304
JAC,S26,2010,QIX309,Blanco,805389724
BMW,X4 M,2020,QFP436,Azul,1185366442
Mercedes-Benz,AMG GLC 67,2018,KEM779,Negro,367947188
Citroen,C27,2015,DPQ958,Cafe,177201233
JMC,CPR 4.29,2023,IYG967,Amarillo,614298927
Subaru,Legacy,2021,CFK600,Blanco,721522792
Peugeot,Allure,2007,GAA206,Gris,322891673
Honda,CRV,2016,UAF787,Verde,923205506
Hino,Dutro Pro,2009,PML779,Negro,454851425
Renault,Logan,2009,CZS877,Rojo,223555570
Renault,Sandero,2014,XMS024,Blanco,277294824
Toyota,Corolla,2015,IDN036,Azul,67438651
Toyota,Prado,2018,YWR171,Negro,511139352
Chevrolet,Tracker,2010,IMZ611,Cafe,74153232
Chevrolet,Onix,2006,YUD011,Amarillo,472189119
Mazda,28,2021,VLT263,Blanco,931322306
Kia,Seltos,2014,OZW028,Gris,280435895
Suzuki,Swift,2023,AKN345,Verde,626886212
Nissan,Tida,2011,FKU04,Negro,530854945
Volkswagen,Cross,2008,FRT655,Rojo,1146667134
Ford,Fiesta,2007,DJB016,Blanco,767730020
Foton,FHR XL,2017,TDT549,Azul,505357798
Hyundai,Tucson,2020,EOR510,Negro,878616272
JAC,T8 Pro,2016,TYR618,Cafe,984049290
BMW,X6 M60i,2015,RQW203,Amarillo,1014732256
Mercedes-Benz,GLC 350e,2008,AMI166,Blanco,978929701
Citroen,C-elysee,2023,YJU726,Gris,469581449
JMC,CHR 3.27,2021,PCX599,Verde,759287544
Subaru,Evoltis,2005,LMM674,Negro,1044125539
Peugeot,3033,2005,HYS07,Rojo,748431818
Honda,Civic,2015,XVL662,Blanco,319162160
Hino,GH8J,2021,XJO577,Azul,418603526
Renault,Duster,2016,NZT332,Negro,493199143
Renault,KWID,2011,YFJ910,Cafe,193899322
Toyota,4Runner,2012,AKP482,Amarillo,793263892
Toyota,Hilux,2015,PJS725,Blanco,576336194
Chevrolet,Captiva,2011,BPZ295,Gris,1150707168
Chevrolet,Joy,2010,DIN825,Verde,91221923
Mazda,CX-55,2013,IUN271,Negro,293633570
Kia,Picanto,2005,CSX093,Rojo,550628963
Suzuki,Derco,2013,YKN821,Blanco,814950256
Nissan,Murano,2012,BRT271,Azul,265836316
Volkswagen,Gol,2016,BEF619,Negro,864490967
Ford,Escape,2021,TBM197,Cafe,231151229
Foton,FKR CUMMINS,2022,ADT111,Amarillo,984238878
Hyundai,Accent,2012,INV631,Blanco,593664885
JAC,S27,2020,VHN757,Gris,1170516616
BMW,X4 M,2006,MXZ113,Verde,685058007
Mercedes-Benz,AMG GLC 68,2018,YLY150,Negro,948683007
Citroen,C28,2006,XXW451,Rojo,852636415
JMC,CPR 4.30,2007,RJB505,Blanco,930146290
Subaru,Legacy,2008,HQC243,Azul,1019776699
Peugeot,Allure,2018,ELE374,Negro,793919373
Honda,CRV,2018,DMZ788,Cafe,1117169327
Hino,Dutro Pro,2019,DAB477,Amarillo,135901247
Renault,Logan,2022,PQH238,Blanco,185050862
Renault,Sandero,2013,CRN850,Gris,602668934
Toyota,Corolla,2016,GPG632,Verde,1015937777
Toyota,Prado,2017,TVM684,Negro,268971741
Chevrolet,Tracker,2022,TYC495,Rojo,390591380
Chevrolet,Onix,2018,WLL418,Blanco,952459461
Mazda,29,2009,ZRC944,Azul,932174259
Kia,Seltos,2006,XOV192,Negro,754640009
Suzuki,Swift,2018,HNK978,Cafe,963302051
Nissan,Tida,2008,XTP480,Amarillo,916519738
Volkswagen,Cross,2021,MGL934,Blanco,994450539
Ford,Fiesta,2016,QGB507,Gris,620984754
Foton,FHR XL,2007,AYL112,Verde,471493589
Hyundai,Tucson,2016,HRN169,Negro,338649702
JAC,T8 Pro,2019,CBQ132,Rojo,635242955
BMW,X6 M60i,2020,OSL822,Blanco,43864780
Mercedes-Benz,GLC 350e,2011,SAS534,Azul,215849773
Citroen,C-elysee,2018,KIY469,Negro,775481676
JMC,CHR 3.28,2018,OZB590,Cafe,897299877
Subaru,Evoltis,2015,OXW676,Amarillo,726864596
Peugeot,3034,2009,LMV926,Blanco,619424670
Honda,Civic,2006,HIO284,Gris,66708689
Hino,GH8J,2009,EDZ356,Verde,1148996106
Renault,Duster,2020,DLI140,Negro,224121147
Renault,KWID,2014,XHU780,Rojo,450748883
